# name,optimum
# Sources: MIPLIB 2017 v36 '=opt=' entries where the instance appears there,
# otherwise the MIPLIB 3.0 published table. NOTE the precision difference: the
# 2017 values carry full double precision, the MIPLIB 3.0 ones only six
# significant digits (rgn is listed as 82.1999 against a true 82.19999924).
# Entries from the MIPLIB 3.0 table therefore carry an explicit third field: a
# per-entry relative tolerance, so a correct answer is not reported as a
# violation of a reference that was truncated before we ever saw it.
assign1-5-8,211.999999999998
blend2,7.598985
enigma,0.0,1e-5
flugpl,1201500.0
gen-ip002,-4783.733392
gen-ip054,6840.96564179
gt2,21165.99999999978,1e-5
lseu,1120.0,1e-5
markshare1,0.9999999999990905
markshare2,1.0
misc03,3360.0,1e-5
mod008,307.0,1e-5
mod010,6548.0,1e-5
n5-3,8104.999999993999
p0033,3089.0,1e-5
p0201,7614.999999999997
pk1,11.0
rgn,82.1999,1e-5
stein27,18.0,1e-5
vpm1,20.0,1e-5
