# name,optimum  (MIPLIB 2017 v36 =opt= entries)
markshare_4_0,1.0
markshare2,1.0
enlight_hard,37.0
pk1,11.0
neos5,15.0
gen-ip054,6840.96564179
timtab1,764771.99999978
neos-3046615-murg,1600.0
sp150x300d,69.0
mas76,40005.05398999999
mas74,11801.18572
gen-ip002,-4783.733392
glass4,1200012599.972384
neos-3754480-nidda,12939.7540104743
neos-2657525-crna,1.810748
assign1-5-8,211.999999999998
supportcase26,1745.123813
neos-911970,54.76
mad,0.0268
graphdraw-domain,19685.99997550038
tr12-30,130595.9999999999
exp-1-500-5-5,65887.0
neos-3381206-awhea,453.0
ic97_potential,3941.99993090225
neos-3627168-kasai,988585.6199999998
binkar10_1,6741.38002393972
csched008,173.0
csched007,350.9999999999955
beasleyC3,753.9999999999128
p200x1188c,15078.0
neos-4338804-snowy,1471.0
50v-10,3311.1799841
pg,-8674.34260712
mc11,11688.99999999966
gmu-35-40,-2406733.3688
neos-4954672-berkel,2612710.0
mik-250-20-75-4,-52301.0
mcsched,211913.0
pg5_34,-14339.35345
n5-3,8104.999999993999
